{
  "id" : "AHddjYskJb90s8X5M-nLlbA",
  "timestamp" : "2025-10-21T18:20:25.158Z[UTC]",
  "appAppleId" : 6754256576,
  "cfBundleShortVersion" : "1.0.0",
  "cfBundleVersion" : "7",
  "deviceModel" : "iPad11,6",
  "osVersion" : "18.1",
  "locale" : "en-US",
  "carrier" : null,
  "timezone" : "America/Chicago",
  "architecture" : "arm64e",
  "connectionStatus" : "WI_FI",
  "pairedAppleWatch" : "",
  "appUptimeMillis" : null,
  "availableDiskBytes" : 3539972096,
  "totalDiskBytes" : 31983177728,
  "networkType" : null,
  "batteryPercentage" : 75,
  "screenWidth" : 810,
  "screenHeight" : 1080,
  "emailAddress" : "pearsonperformance@gmail.com",
  "comment" : "E"
}