{
  "id" : "AJNfcgupk8JvnwjnyQ6EJFI",
  "timestamp" : "2025-10-21T17:20:05.885Z[UTC]",
  "appAppleId" : 6754256576,
  "cfBundleShortVersion" : "1.0.0",
  "cfBundleVersion" : "7",
  "deviceModel" : "iPhone16,1",
  "osVersion" : "26.1",
  "locale" : "en-US",
  "carrier" : null,
  "timezone" : "America/Chicago",
  "architecture" : "arm64e",
  "connectionStatus" : "WI_FI",
  "pairedAppleWatch" : "",
  "appUptimeMillis" : null,
  "availableDiskBytes" : 68812386304,
  "totalDiskBytes" : 510243573760,
  "networkType" : null,
  "batteryPercentage" : 50,
  "screenWidth" : 393,
  "screenHeight" : 852,
  "emailAddress" : "pearsonperformance@gmail.com",
  "comment" : "Nb"
}